{"vehicles": {"vehicle_route_1": {"od_pair": [51736, 50623], "init_flow": 20, "time_peroid": [0, 3600], "initial_soc": 13.32, "evac_time_hr": 1.358408893034804, "path_list": {"subpath1": {"path": [44521, 44533, 44319, 44299, 44275, 43661, 43611, 43521, 43515, 43503, 43497, 43486, 43457, 43463, 43469, 45208, 45380, 45230, 45633, 45618], "charging": {"cent_id": 51193, "target_soc": 90, "charging time in hrs": 0.5, "battery usage in kWh": 20.0}}, "subpath2": {"path": [45599, 45566, 50908, 45554, 45539, 45524, 52626, 45504, 52623, 51328, 50898, 49736, 49757, 50881, 49732, 49813, 46970, 49837, 49858, 49881, 50875, 46954, 49678, 49908, 49923, 49938, 49904, 48737, 48765, 48779, 48799, 48820, 48840, 47196, 49515, 49532], "charging": {"cent_id": "N/A", "target_soc": -1, "charging time in hrs": -1, "battery usage in kWh": -1}}}}, "vehicle_route_2": {"od_pair": [51731, 50626], "init_flow": 10, "time_peroid": [0, 3600], "initial_soc": 13.32, "evac_time_hr": 1.5105935886714743, "path_list": {"subpath1": {"path": [44319, 44299, 44275, 43661, 43655, 44243, 43636, 43642, 43448, 43451, 43457, 43463, 43469, 45208, 45380, 45230, 45633, 45618, 45599, 45566, 50908, 45554, 45539, 45524, 52626, 45504, 52623, 51328], "charging": {"cent_id": 51351, "target_soc": 90, "charging time in hrs": 0.5, "battery usage in kWh": 20.0}}, "subpath2": {"path": [50898, 49736, 49757, 50881, 49732, 49813, 46970, 49837, 49858, 49881, 50875, 46954, 49678, 49908, 49923, 49938, 49904, 48737, 48765, 48779, 48782, 49037, 49055, 49076, 49091, 49125, 49116, 49131, 49156, 48879, 49179, 49362, 49359, 49345, 49365, 49455, 49458, 49415], "charging": {"cent_id": "N/A", "target_soc": -1, "charging time in hrs": -1, "battery usage in kWh": -1}}}}, "vehicle_route_3": {"od_pair": [50668, 50623], "init_flow": 80, "time_peroid": [0, 3600], "initial_soc": 49.95, "evac_time_hr": 0.7989521145502941, "path_list": {"subpath1": {"path": [43636, 43642, 43448, 43451, 43457, 43463, 43469, 45208, 45380, 45230, 45633, 45618, 45599, 45566, 50908, 45554, 45539, 45524, 52626, 45504, 52623, 51328, 50898, 49736, 49757, 50881, 49732, 49813, 46970, 49837, 49858, 49881, 50875, 46954, 49678, 49908, 49923, 49938, 49904, 48737, 48765, 48779, 48799, 48820, 48840, 47196, 49515, 49532], "charging": {"cent_id": "N/A", "target_soc": -1, "charging time in hrs": -1, "battery usage in kWh": -1}}}}, "vehicle_route_4": {"od_pair": [50662, 50626], "init_flow": 70, "time_peroid": [0, 3600], "initial_soc": 66.60000000000001, "evac_time_hr": 0.94843843955244, "path_list": {"subpath1": {"path": [43489, 43486, 43457, 43463, 43469, 45208, 45380, 45230, 45633, 45618, 45599, 45566, 50908, 45554, 45539, 45524, 52626, 45504, 52623, 51328, 50898, 49736, 49757, 50881, 49732, 49813, 46970, 49837, 49858, 49881, 50875, 46954, 49678, 49908, 49923, 49938, 49904, 48737, 48765, 48779, 48782, 49037, 49055, 49076, 49091, 49125, 49116, 49131, 49156, 48879, 49179, 49362, 49359, 49345, 49365, 49455, 49458, 49415], "charging": {"cent_id": "N/A", "target_soc": -1, "charging time in hrs": -1, "battery usage in kWh": -1}}}}, "vehicle_route_5": {"od_pair": [50659, 50623], "init_flow": 10, "time_peroid": [0, 3600], "initial_soc": 13.32, "evac_time_hr": 1.2782710668743618, "path_list": {"subpath1": {"path": [45208, 45380, 45230, 45633, 45618, 45599, 45566, 50908, 45554, 45539, 45524, 52626, 45504, 52623, 51328, 50898, 49736, 49757, 50881, 49732], "charging": {"cent_id": 50797, "target_soc": 90, "charging time in hrs": 0.5, "battery usage in kWh": 20.0}}, "subpath2": {"path": [49813, 46970, 49837, 49858, 49881, 50875, 46954, 49678, 49908, 49923, 49938, 49904, 48737, 48765, 48779, 48799, 48820, 48840, 47196, 49515, 49532], "charging": {"cent_id": "N/A", "target_soc": -1, "charging time in hrs": -1, "battery usage in kWh": -1}}}}, "vehicle_route_6": {"od_pair": [50677, 50626], "init_flow": 80, "time_peroid": [0, 3600], "initial_soc": 49.95, "evac_time_hr": 0.9587972509360376, "path_list": {"subpath1": {"path": [43430, 43433, 43439, 43448, 43451, 43457, 43463, 43469, 45208, 45380, 45230, 45633, 45618, 45599, 45566, 50908, 45554, 45539, 45524, 52626, 45504, 52623, 51328, 50898, 49736, 49757, 50881, 49732, 49813, 46970, 49837, 49858, 49881, 50875, 46954, 49678, 49908, 49923, 49938, 49904, 48737, 48765, 48779, 48782, 49037, 49055, 49076, 49091, 49125, 49116, 49131, 49156, 48879, 49179, 49362, 49359, 49345, 49365, 49455, 49458, 49415], "charging": {"cent_id": "N/A", "target_soc": -1, "charging time in hrs": -1, "battery usage in kWh": -1}}}}, "vehicle_route_7": {"od_pair": [50637, 50623], "init_flow": 70, "time_peroid": [0, 3600], "initial_soc": 49.95, "evac_time_hr": 0.8091276195320878, "path_list": {"subpath1": {"path": [51082, 43900, 51091, 43897, 43839, 43936, 43961, 43999, 44118, 44178, 44205, 43760, 45164, 45182, 45380, 45230, 45633, 45618, 45599, 45566, 50908, 45554, 45539, 45524, 52626, 45504, 52623, 51328, 50898, 49736, 49757, 50881, 49732, 49813, 46970, 49837, 49858, 49881, 50875, 46954, 49678, 49908, 49923, 49938, 49904, 48737, 48765, 48779, 48799, 48820, 48840, 47196, 49515, 49532], "charging": {"cent_id": "N/A", "target_soc": -1, "charging time in hrs": -1, "battery usage in kWh": -1}}}}, "vehicle_route_8": {"od_pair": [50640, 50626], "init_flow": 80, "time_peroid": [0, 3600], "initial_soc": 66.60000000000001, "evac_time_hr": 0.9654909478713565, "path_list": {"subpath1": {"path": [43905, 51091, 43897, 43839, 43936, 43961, 43999, 44118, 44178, 44205, 43760, 45164, 45182, 45380, 45230, 45633, 45618, 45599, 45566, 50908, 45554, 45539, 45524, 52626, 45504, 52623, 51328, 50898, 49736, 49757, 50881, 49732, 49813, 46970, 49837, 49858, 49881, 50875, 46954, 49678, 49908, 49923, 49938, 49904, 48737, 48765, 48779, 48782, 49037, 49055, 49076, 49091, 49125, 49116, 49131, 49156, 48879, 49179, 49362, 49359, 49345, 49365, 49455, 49458, 49415], "charging": {"cent_id": "N/A", "target_soc": -1, "charging time in hrs": -1, "battery usage in kWh": -1}}}}, "vehicle_route_9": {"od_pair": [50647, 50623], "init_flow": 10, "time_peroid": [0, 3600], "initial_soc": 13.32, "evac_time_hr": 1.2924214482716447, "path_list": {"subpath1": {"path": [43645, 44118, 44178, 44205, 43760, 45164, 45182, 45380, 45230, 45633, 45618], "charging": {"cent_id": 51193, "target_soc": 90, "charging time in hrs": 0.5, "battery usage in kWh": 20.0}}, "subpath2": {"path": [45599, 45566, 50908, 45554, 45539, 45524, 52626, 45504, 52623, 51328, 50898, 49736, 49757, 50881, 49732, 49813, 46970, 49837, 49858, 49881, 50875, 46954, 49678, 49908, 49923, 49938, 49904, 48737, 48765, 48779, 48799, 48820, 48840, 47196, 49515, 49532], "charging": {"cent_id": "N/A", "target_soc": -1, "charging time in hrs": -1, "battery usage in kWh": -1}}}}, "vehicle_route_10": {"od_pair": [50653, 50626], "init_flow": 70, "time_peroid": [0, 3600], "initial_soc": 49.95, "evac_time_hr": 0.9395462572070135, "path_list": {"subpath1": {"path": [43760, 45164, 45182, 45380, 45230, 45633, 45618, 45599, 45566, 50908, 45554, 45539, 45524, 52626, 45504, 52623, 51328, 50898, 49736, 49757, 50881, 49732, 49813, 46970, 49837, 49858, 49881, 50875, 46954, 49678, 49908, 49923, 49938, 49904, 48737, 48765, 48779, 48782, 49037, 49055, 49076, 49091, 49125, 49116, 49131, 49156, 48879, 49179, 49362, 49359, 49345, 49365, 49455, 49458, 49415], "charging": {"cent_id": "N/A", "target_soc": -1, "charging time in hrs": -1, "battery usage in kWh": -1}}}}}, "chargers": {"charging_station_1": {"charging_station_id": 51193, "fixed_charging_station": {"num_of_ports": 0, "charger_power_in_kw": 0}, "mobile_charging_station": {"battary_capacity_in_kwh": 250.0, "num_of_ports": 30, "charger_power_in_kw": 150}}, "charging_station_2": {"charging_station_id": 51351, "fixed_charging_station": {"num_of_ports": 0, "charger_power_in_kw": 0}, "mobile_charging_station": {"battary_capacity_in_kwh": 250.0, "num_of_ports": 10, "charger_power_in_kw": 150}}, "charging_station_3": {"charging_station_id": 50797, "fixed_charging_station": {"num_of_ports": 0, "charger_power_in_kw": 0},